"DESCRIPTION","DURATION IN MS","NAME","PARENT SUITE","START TIME","STATUS","STOP TIME","SUB SUITE","SUITE","TEST CLASS","TEST METHOD"
"","20367","signupHappyPathFlow","E2E Journey","2025-09-28","passed","2025-09-28","SignUpTest","E2E","SignUpTest","signupHappyPathFlow"
"","15479","AddToCart","E2E Journey","2025-09-28","passed","2025-09-28","addToCart","E2E","addToCart","AddToCart"
"","4455","ContactUs","E2E Journey","2025-09-28","passed","2025-09-28","ContactUsTest","E2E","ContactUsTest","ContactUs"
"","1771","logout","E2E Journey","2025-09-28","passed","2025-09-28","LogOutTest","E2E","LogOutTest","logout"
"","8679","SignIn","E2E Journey","2025-09-28","passed","2025-09-28","SignInTest","E2E","SignInTest","SignIn"
"","2989","CheckAddress","E2E Journey","2025-09-28","passed","2025-09-28","CheckOutTest","E2E","CheckOutTest","CheckAddress"
"","5902","Products","E2E Journey","2025-09-28","passed","2025-09-28","ProductsTest","E2E","ProductsTest","Products"
"","7754","Payment","E2E Journey","2025-09-28","passed","2025-09-28","Payment_test","E2E","Payment_test","Payment"
